{"x": 393.2380065917969, "y": 300.29400634765625, "z": 0.001494770054705441, "pitch": 0.03422607481479645, "yaw": 89.54851531982422, "roll": -3.051907697226852e-05, "compass": 179.54889833503367}