{"x": 392.1913146972656, "y": 177.29116821289062, "z": 0.0017769812839105725, "pitch": -0.011351773515343666, "yaw": 89.5551986694336, "roll": -6.103480700403452e-05, "compass": 179.55500452415166}