{"x": 92.56319427490234, "y": 55.83494186401367, "z": 0.0017351340502500534, "pitch": -0.009459811262786388, "yaw": -89.89027404785156, "roll": -6.103522173361853e-05, "compass": 0.11190583270170214}