{"x": 335.19195556640625, "y": 132.83448791503906, "z": 0.001826381660066545, "pitch": -0.018803508952260017, "yaw": 87.71854400634766, "roll": -6.103565101511776e-05, "compass": 177.71853058087532}