{"x": 333.1966247558594, "y": 55.34946823120117, "z": 0.0016488074325025082, "pitch": -0.00131139624863863, "yaw": 93.01129913330078, "roll": -6.103527266532183e-05, "compass": 183.01129881023155}