{"x": 159.48268127441406, "y": 3.7343297004699707, "z": 0.001958332024514675, "pitch": -0.042572565376758575, "yaw": 2.258336067199707, "roll": -0.0001831054105423391, "compass": 92.25833625165119}