{"x": -2.6068789958953857, "y": 114.44486236572266, "z": 0.22061626613140106, "pitch": -0.03339279443025589, "yaw": -90.47942352294922, "roll": -0.029663080349564552, "compass": 359.5207219834745}