{"x": -4.865342140197754, "y": 258.2420349121094, "z": 0.22170771658420563, "pitch": -6.147169915493578e-05, "yaw": -88.0630111694336, "roll": -6.103515261202119e-05, "compass": 1.936944104976532}