{"x": 47.62290573120117, "y": 109.64789581298828, "z": 0.22182364761829376, "pitch": -0.014070188626646996, "yaw": 1.209206223487854, "roll": -6.1035138060105965e-05, "compass": 91.20920553475888}