{"x": 91.2022705078125, "y": 237.77723693847656, "z": 0.22182677686214447, "pitch": -0.02072279341518879, "yaw": 174.89041137695312, "roll": -6.103502164478414e-05, "compass": 264.89041812742886}