{"x": 109.44554138183594, "y": 302.5880432128906, "z": 0.2215975522994995, "pitch": 0.016529057174921036, "yaw": -179.8679962158203, "roll": -3.051758176297881e-05, "compass": 270.13201457952334}