{"x": 44.58851623535156, "y": 194.06594848632812, "z": 0.22174079716205597, "pitch": -0.007444905582815409, "yaw": -95.24909210205078, "roll": 0.003874385030940175, "compass": 354.75090035773115}