{"x": 47.41910934448242, "y": 238.25816345214844, "z": 0.22177375853061676, "pitch": -0.017369169741868973, "yaw": -90.18798828125, "roll": -6.103481427999213e-05, "compass": 359.8123437402774}