{"x": 43.54039001464844, "y": 302.3841857910156, "z": 0.22178401052951813, "pitch": -0.012150906026363373, "yaw": -179.0265350341797, "roll": -0.0001220703125, "compass": 270.97346656451225}