{"x": 131.84567260742188, "y": 190.4562225341797, "z": 0.22182868421077728, "pitch": -0.011932339519262314, "yaw": 179.4748077392578, "roll": -6.103515625e-05, "compass": 269.4748410983414}