{"x": 133.86126708984375, "y": 235.57763671875, "z": 0.22181731462478638, "pitch": -0.022095661610364914, "yaw": 88.58081817626953, "roll": -0.0010986332781612873, "compass": 178.5808692843461}