{"x": 229.6170654296875, "y": 59.670814514160156, "z": 0.01551626157015562, "pitch": 0.08837581425905228, "yaw": 91.56526184082031, "roll": -0.0455932542681694, "compass": 181.56523847991315}