{"x": 391.3845520019531, "y": 73.79669952392578, "z": 0.0018198203761130571, "pitch": -0.022157132625579834, "yaw": 89.56262969970703, "roll": -9.155305451713502e-05, "compass": 179.56254505299535}