{"x": 244.75051879882812, "y": 0.9970318675041199, "z": 0.001742725376971066, "pitch": -0.003599509596824646, "yaw": 2.0859556198120117, "roll": -6.103514533606358e-05, "compass": 92.0859559373784}