{"x": 190.26048278808594, "y": 326.83447265625, "z": 0.0019338798010721803, "pitch": -0.037415772676467896, "yaw": 176.51937866210938, "roll": -0.000152587890625, "compass": 266.5193909237202}