{"x": 224.2206268310547, "y": 132.24571228027344, "z": 0.0017278861487284303, "pitch": -3.415094397496432e-05, "yaw": -0.554595947265625, "roll": -6.103515625e-05, "compass": 89.44540480425147}