{"x": 2.1912307739257812, "y": 275.3254089355469, "z": 0.001927776262164116, "pitch": -0.04101528227329254, "yaw": -89.82311248779297, "roll": 9.755032124303398e-07, "compass": 0.1769387051516116}