{"x": 2.7122955322265625, "y": 46.66307067871094, "z": 0.0014836310874670744, "pitch": 0.0362204909324646, "yaw": -89.75836181640625, "roll": 7.022955833235756e-05, "compass": 0.24147442787535145}