{"x": 92.68973541259766, "y": 3.246704578399658, "z": 0.0016061973292380571, "pitch": 0.019916830584406853, "yaw": -90.26311492919922, "roll": -6.103481427999213e-05, "compass": 359.73609150838337}