{"x": 92.28829193115234, "y": 130.61007690429688, "z": 0.0015637397300451994, "pitch": 0.022341547533869743, "yaw": -89.6976318359375, "roll": 0.0007439745240844786, "compass": 0.3026119847446645}