{"x": 337.55401611328125, "y": 330.1257629394531, "z": 0.0013976477785035968, "pitch": 0.010054037906229496, "yaw": 87.45867919921875, "roll": 0.0012202705256640911, "compass": 177.45871018484803}