{"x": 92.65218353271484, "y": 328.0466613769531, "z": 0.001706943497993052, "pitch": -0.0003961509501095861, "yaw": -177.34127807617188, "roll": -6.1035138060105965e-05, "compass": 272.6587201195645}