{"x": 91.91657257080078, "y": 195.8728790283203, "z": 0.001659717527218163, "pitch": 0.009336868301033974, "yaw": -89.6627426147461, "roll": -0.0011291501577943563, "compass": 0.33688160513155724}