{"x": 336.5576171875, "y": -1.5442911386489868, "z": 0.001779270125553012, "pitch": -0.008455773815512657, "yaw": -178.71788024902344, "roll": -6.103515625e-05, "compass": 271.2821091527268}