{"x": 335.6504211425781, "y": 199.8592529296875, "z": 0.0029524038545787334, "pitch": -0.00707607576623559, "yaw": 91.14379119873047, "roll": -9.155262523563579e-05, "compass": 181.14399339304177}