{"x": 155.32177734375, "y": 56.61881637573242, "z": 0.001660900074057281, "pitch": 0.005832981318235397, "yaw": 87.18059539794922, "roll": 2.1730789740104228e-05, "compass": 177.1806122026018}