{"x": 86.15636444091797, "y": 190.93714904785156, "z": 0.22156226634979248, "pitch": 0.021685849875211716, "yaw": 179.48130798339844, "roll": -6.103515261202119e-05, "compass": 269.4813434384312}