{"x": 163.1120147705078, "y": 110.50546264648438, "z": 0.22178202867507935, "pitch": -0.012362641282379627, "yaw": 0.4639863967895508, "roll": -9.155271982308477e-05, "compass": 90.46398408498631}