{"x": 3.47326922416687, "y": 190.1449737548828, "z": 0.2217702865600586, "pitch": -0.014158980920910835, "yaw": -179.28353881835938, "roll": -6.103514533606358e-05, "compass": 270.716460206423}