{"x": 190.82675170898438, "y": 184.3798370361328, "z": 0.22181105613708496, "pitch": -0.0060720378533005714, "yaw": 87.38483428955078, "roll": -6.103522173361853e-05, "compass": 177.38483485878518}