{"x": 192.31246948242188, "y": 239.1616668701172, "z": 0.22160552442073822, "pitch": 0.014999094419181347, "yaw": -178.9877166748047, "roll": -6.1035138060105965e-05, "compass": 271.01228935975456}