{"x": 230.20635986328125, "y": 9.948925971984863, "z": 0.0018440817948430777, "pitch": -0.016570037230849266, "yaw": 0.8496319055557251, "roll": -6.103515625e-05, "compass": 90.84963022590357}